"DONOR","obsTime","obsValue","REFERENCEPERIOD"
"Adaptation Fund","2013",1,"2013"
"Adaptation Fund","2014",0.993758275014186,"2013"
"AfDB (African Dev. Bank)","2001",1.56965988330724,"2013"
"AfDB (African Dev. Bank)","2002",1.51484248788368,"2013"
"AfDB (African Dev. Bank)","2003",1.3308615819209,"2013"
"AfDB (African Dev. Bank)","2004",1.21899612868776,"2013"
"AfDB (African Dev. Bank)","2005",1.18302147885205,"2013"
"AfDB (African Dev. Bank)","2006",1.15707092819615,"2013"
"AfDB (African Dev. Bank)","2007",1.07533469480372,"2013"
"AfDB (African Dev. Bank)","2008",1.0224091216979,"2013"
"AfDB (African Dev. Bank)","2009",1.05543595263724,"2013"
"AfDB (African Dev. Bank)","2010",1.04408880520907,"2013"
"AfDB (African Dev. Bank)","2011",0.983143818065343,"2013"
"AfDB (African Dev. Bank)","2012",1.00523159092899,"2013"
"AfDB (African Dev. Bank)","2013",1,"2013"
"AfDF (African Dev.Fund)","2000",1.49419011153654,"2013"
"AfDF (African Dev.Fund)","2001",1.56953610453167,"2013"
"AfDF (African Dev.Fund)","2002",1.51481827724201,"2013"
"AfDF (African Dev.Fund)","2003",1.33086864670063,"2013"
"AfDF (African Dev.Fund)","2004",1.21895460378918,"2013"
"AfDF (African Dev.Fund)","2005",1.1830195765457,"2013"
"AfDF (African Dev.Fund)","2006",1.15701353841224,"2013"
"AfDF (African Dev.Fund)","2007",1.07535574642651,"2013"
"AfDF (African Dev.Fund)","2008",1.02244895447441,"2013"
"AfDF (African Dev.Fund)","2009",1.05541475458002,"2013"
"AfDF (African Dev.Fund)","2010",1.04422921094072,"2013"
"AfDF (African Dev.Fund)","2011",0.983094881555921,"2013"
"AfDF (African Dev.Fund)","2012",1.00528795487842,"2013"
"AfDF (African Dev.Fund)","2013",1,"2013"
"All Donors, Total","2000",1.49926541720118,"2013"
"All Donors, Total","2001",1.5769619600346,"2013"
"All Donors, Total","2002",1.51591443346901,"2013"
"All Donors, Total","2003",1.32789206046423,"2013"
"All Donors, Total","2004",1.22031940759863,"2013"
"All Donors, Total","2005",1.180011457752,"2013"
"All Donors, Total","2006",1.15706763027493,"2013"
"All Donors, Total","2007",1.07698793965108,"2013"
"All Donors, Total","2008",1.02168544177015,"2013"
"All Donors, Total","2009",1.0528642640351,"2013"
"All Donors, Total","2010",1.04388866580692,"2013"
"All Donors, Total","2011",0.985821589900078,"2013"
"All Donors, Total","2012",1.01043780610147,"2013"
"All Donors, Total","2013",1,"2013"
"Arab Fund (AFESD)","2008",1.02242886153796,"2013"
"Arab Fund (AFESD)","2009",1.05543042565375,"2013"
"Arab Fund (AFESD)","2010",1.04421323653554,"2013"
"Arab Fund (AFESD)","2011",0.983102944387524,"2013"
"Arab Fund (AFESD)","2012",1.00524703755774,"2013"
"Arab Fund (AFESD)","2013",1,"2013"
"Arab Fund (AFESD)","2014",0.994107708848211,"2013"
"AsDB Special Funds","2000",1.49411585647582,"2013"
"AsDB Special Funds","2001",1.56959555162454,"2013"
"AsDB Special Funds","2002",1.51487360343701,"2013"
"AsDB Special Funds","2003",1.33081085022162,"2013"
"AsDB Special Funds","2004",1.21899600601991,"2013"
"AsDB Special Funds","2005",1.18297231303578,"2013"
"AsDB Special Funds","2006",1.15705228274524,"2013"
"AsDB Special Funds","2007",1.07532348189539,"2013"
"AsDB Special Funds","2008",1.02244670619316,"2013"
"AsDB Special Funds","2009",1.05542295442236,"2013"
"AsDB Special Funds","2010",1.04419945407788,"2013"
"AsDB Special Funds","2011",0.983114128128977,"2013"
"AsDB Special Funds","2012",1.00528169014085,"2013"
"AsDB Special Funds","2013",1,"2013"
"Australia","2000",2.57219517950318,"2013"
"Australia","2001",2.78930192261939,"2013"
"Australia","2002",2.56610548342607,"2013"
"Australia","2003",2.09418056761646,"2013"
"Australia","2004",1.77692503228821,"2013"
"Australia","2005",1.64330971122452,"2013"
"Australia","2006",1.58068331164847,"2013"
"Australia","2007",1.36583244076387,"2013"
"Australia","2008",1.30183444580666,"2013"
"Australia","2009",1.37232269805693,"2013"
"Australia","2010",1.1065406721218,"2013"
"Australia","2011",0.943325765376093,"2013"
"Australia","2012",0.942101995472375,"2013"
"Australia","2013",1,"2013"
"Austria","2000",1.79826771325657,"2013"
"Austria","2001",1.81804635159856,"2013"
"Austria","2002",1.70792825947893,"2013"
"Austria","2003",1.40490132851799,"2013"
"Austria","2004",1.25642500648172,"2013"
"Austria","2005",1.22298383756423,"2013"
"Austria","2006",1.18897674879778,"2013"
"Austria","2007",1.06618426163761,"2013"
"Austria","2008",0.995324614490602,"2013"
"Austria","2009",1.0111067450913,"2013"
"Austria","2010",1.05351632011311,"2013"
"Austria","2011",0.984961397727926,"2013"
"Austria","2012",1.04890487839977,"2013"
"Austria","2013",1,"2013"
"BADEA","2000",1.49358606165039,"2013"
"BADEA","2001",1.56953106017656,"2013"
"BADEA","2004",1.218125,"2013"
"BADEA","2005",1.1834673648775,"2013"
"BADEA","2006",1.15711162823496,"2013"
"BADEA","2007",1.07552698742792,"2013"
"BADEA","2008",1.02253486665035,"2013"
"BADEA","2009",1.05547945205479,"2013"
"BADEA","2010",1.04388508170796,"2013"
"BADEA","2011",0.983536454992517,"2013"
"BADEA","2012",1.00537311322422,"2013"
"BADEA","2013",1,"2013"
"Belgium","2000",1.86523584964044,"2013"
"Belgium","2001",1.88101124728008,"2013"
"Belgium","2002",1.75446059960853,"2013"
"Belgium","2003",1.43702372135225,"2013"
"Belgium","2004",1.27754685335083,"2013"
"Belgium","2005",1.24914364646809,"2013"
"Belgium","2006",1.20629696019587,"2013"
"Belgium","2007",1.0805278196471,"2013"
"Belgium","2008",1.00564179389921,"2013"
"Belgium","2009",1.03055188763021,"2013"
"Belgium","2010",1.06202977429166,"2013"
"Belgium","2011",0.989004382767713,"2013"
"Belgium","2012",1.0483634443923,"2013"
"Belgium","2013",1,"2013"
"Bill & Melinda Gates Foundation","2009",1.06700633941259,"2013"
"Bill & Melinda Gates Foundation","2010",1.05434965355159,"2013"
"Bill & Melinda Gates Foundation","2011",1.03290223382968,"2013"
"Bill & Melinda Gates Foundation","2012",1.01426739316612,"2013"
"Bill & Melinda Gates Foundation","2013",1,"2013"
"Bulgaria","2010",1.04347826086957,"2013"
"Bulgaria","2011",0.982615268329554,"2013"
"Bulgaria","2012",1,"2013"
"Bulgaria","2013",1,"2013"
"Canada","2000",1.92334986408815,"2013"
"Canada","2001",1.97207318906987,"2013"
"Canada","2002",1.97619094025646,"2013"
"Canada","2003",1.70459943341695,"2013"
"Canada","2004",1.53378242726933,"2013"
"Canada","2005",1.38446350702007,"2013"
"Canada","2006",1.26127164283464,"2013"
"Canada","2007",1.15752240030373,"2013"
"Canada","2008",1.11508340943023,"2013"
"Canada","2009",1.20881519660925,"2013"
"Canada","2010",1.06322949245064,"2013"
"Canada","2011",0.987692593280119,"2013"
"Canada","2012",0.983199268358587,"2013"
"Canada","2013",1,"2013"
"CarDB (Caribbean Dev. Bank)","2000",1.49447236180905,"2013"
"CarDB (Caribbean Dev. Bank)","2001",1.56905210295041,"2013"
"CarDB (Caribbean Dev. Bank)","2002",1.51528662420382,"2013"
"CarDB (Caribbean Dev. Bank)","2003",1.33143090093763,"2013"
"CarDB (Caribbean Dev. Bank)","2004",1.21885245901639,"2013"
"CarDB (Caribbean Dev. Bank)","2005",1.18315940985966,"2013"
"CarDB (Caribbean Dev. Bank)","2006",1.1570351758794,"2013"
"CarDB (Caribbean Dev. Bank)","2007",1.07536090041595,"2013"
"CarDB (Caribbean Dev. Bank)","2008",1.02277691107644,"2013"
"CarDB (Caribbean Dev. Bank)","2009",1.0555883220289,"2013"
"CarDB (Caribbean Dev. Bank)","2010",1.0441868888084,"2013"
"CarDB (Caribbean Dev. Bank)","2011",0.983191104215154,"2013"
"CarDB (Caribbean Dev. Bank)","2012",1.00570749108205,"2013"
"CarDB (Caribbean Dev. Bank)","2013",1,"2013"
"Chinese Taipei","2004",1.21899536698366,"2013"
"Chinese Taipei","2005",1.18298924731183,"2013"
"Chinese Taipei","2006",1.15702429149798,"2013"
"Chinese Taipei","2007",1.07533333333333,"2013"
"Chinese Taipei","2008",1.02243495336279,"2013"
"Chinese Taipei","2009",1.05542707944797,"2013"
"Chinese Taipei","2010",1.04422905867558,"2013"
"Chinese Taipei","2011",0.983094262295082,"2013"
"Chinese Taipei","2012",1.00526272169733,"2013"
"Chinese Taipei","2013",1,"2013"
"Climate Investment Funds (CIF)","2013",1,"2013"
"Council of Europe Development Bank (CEB)","2010",1.04423076923077,"2013"
"Council of Europe Development Bank (CEB)","2011",0.983088664080525,"2013"
"Council of Europe Development Bank (CEB)","2012",1.00533218042946,"2013"
"Council of Europe Development Bank (CEB)","2013",1,"2013"
"Council of Europe Development Bank (CEB)","2014",0.994089147286822,"2013"
"Croatia","2012",1.00452342487884,"2013"
"Croatia","2013",1,"2013"
"Cyprus","2005",1.17321428571429,"2013"
"Cyprus","2006",1.15215215215215,"2013"
"Cyprus","2007",1.07170984455959,"2013"
"Cyprus","2008",1.02044025157233,"2013"
"Cyprus","2009",1.05350454788657,"2013"
"Cyprus","2010",1.04289621419318,"2013"
"Cyprus","2011",0.983866964507322,"2013"
"Cyprus","2012",1.00369856680536,"2013"
"Cyprus","2013",1,"2013"
"Czech Republic","2000",2.46890927624873,"2013"
"Czech Republic","2001",2.32990506329114,"2013"
"Czech Republic","2002",1.95317148066404,"2013"
"Czech Republic","2003",1.66044069261192,"2013"
"Czech Republic","2004",1.45590696476848,"2013"
"Czech Republic","2005",1.35548157811867,"2013"
"Czech Republic","2006",1.26876350370134,"2013"
"Czech Republic","2007",1.10142721217888,"2013"
"Czech Republic","2008",0.924011078758611,"2013"
"Czech Republic","2009",0.984904952140923,"2013"
"Czech Republic","2010",1.00294754785326,"2013"
"Czech Republic","2011",0.932029685475321,"2013"
"Czech Republic","2012",1.01499547550308,"2013"
"Czech Republic","2013",1,"2013"
"DAC Countries, Total","2000",1.46434242108883,"2013"
"DAC Countries, Total","2001",1.54335680419828,"2013"
"DAC Countries, Total","2002",1.4951977026339,"2013"
"DAC Countries, Total","2003",1.32123815970339,"2013"
"DAC Countries, Total","2004",1.21929492885113,"2013"
"DAC Countries, Total","2005",1.17677014363672,"2013"
"DAC Countries, Total","2006",1.15517999266232,"2013"
"DAC Countries, Total","2007",1.08284832300968,"2013"
"DAC Countries, Total","2008",1.02972127194538,"2013"
"DAC Countries, Total","2009",1.06120230251772,"2013"
"DAC Countries, Total","2010",1.04513974931069,"2013"
"DAC Countries, Total","2011",0.987714305867388,"2013"
"DAC Countries, Total","2012",1.00522347604082,"2013"
"DAC Countries, Total","2013",1,"2013"
"DAC EU Members + EC, Total","2000",1.73940398140492,"2013"
"DAC EU Members + EC, Total","2001",1.77034635067617,"2013"
"DAC EU Members + EC, Total","2002",1.63601139518923,"2013"
"DAC EU Members + EC, Total","2003",1.35575805169805,"2013"
"DAC EU Members + EC, Total","2004",1.20224509433845,"2013"
"DAC EU Members + EC, Total","2005",1.17707176443036,"2013"
"DAC EU Members + EC, Total","2006",1.14246094623105,"2013"
"DAC EU Members + EC, Total","2007",1.03273989664472,"2013"
"DAC EU Members + EC, Total","2008",0.975359019430982,"2013"
"DAC EU Members + EC, Total","2009",1.01996874555802,"2013"
"DAC EU Members + EC, Total","2010",1.04773816038545,"2013"
"DAC EU Members + EC, Total","2011",0.986687201095403,"2013"
"DAC EU Members + EC, Total","2012",1.04050638404543,"2013"
"DAC EU Members + EC, Total","2013",1,"2013"
"DAC EU Members, Total","2000",1.72200011314099,"2013"
"DAC EU Members, Total","2001",1.7577991726698,"2013"
"DAC EU Members, Total","2002",1.62501667341974,"2013"
"DAC EU Members, Total","2003",1.35271041750613,"2013"
"DAC EU Members, Total","2004",1.19684989189064,"2013"
"DAC EU Members, Total","2005",1.17248167199738,"2013"
"DAC EU Members, Total","2006",1.1371580301295,"2013"
"DAC EU Members, Total","2007",1.02960650227302,"2013"
"DAC EU Members, Total","2008",0.976467943064797,"2013"
"DAC EU Members, Total","2009",1.02838694621675,"2013"
"DAC EU Members, Total","2010",1.05049537408475,"2013"
"DAC EU Members, Total","2011",0.989485424347333,"2013"
"DAC EU Members, Total","2012",1.03794002669442,"2013"
"DAC EU Members, Total","2013",1,"2013"
"Denmark","2000",1.91018117447506,"2013"
"Denmark","2001",1.91663225792052,"2013"
"Denmark","2002",1.77448498950116,"2013"
"Denmark","2003",1.45727196845408,"2013"
"Denmark","2004",1.30053663864748,"2013"
"Denmark","2005",1.26553364662162,"2013"
"Denmark","2006",1.227912311381,"2013"
"Denmark","2007",1.09661564174937,"2013"
"Denmark","2008",1.00013522089409,"2013"
"Denmark","2009",1.02944711720413,"2013"
"Denmark","2010",1.04891088914755,"2013"
"Denmark","2011",0.994220353716024,"2013"
"Denmark","2012",1.04779741711274,"2013"
"Denmark","2013",1,"2013"
"EBRD","2000",1.49006211180124,"2013"
"EBRD","2001",1.57018979057592,"2013"
"EBRD","2002",1.5148076390811,"2013"
"EBRD","2003",1.33100985079786,"2013"
"EBRD","2004",1.21921590281612,"2013"
"EBRD","2005",1.1826964761256,"2013"
"EBRD","2006",1.15760111576011,"2013"
"EBRD","2007",1.07671957671958,"2013"
"EBRD","2008",1.01917341286749,"2013"
"Estonia","2000",2.72368421052632,"2013"
"Estonia","2001",2.64705882352941,"2013"
"Estonia","2002",2.3013698630137,"2013"
"Estonia","2003",1.95364238410596,"2013"
"Estonia","2004",1.67317073170732,"2013"
"Estonia","2005",1.5841726618705,"2013"
"Estonia","2006",1.40121580547112,"2013"
"Estonia","2007",1.18531889290012,"2013"
"Estonia","2008",1.02389078498294,"2013"
"Estonia","2009",1.07202216066482,"2013"
"Estonia","2010",1.10625379477839,"2013"
"Estonia","2011",1.02116402116402,"2013"
"Estonia","2012",1.07711267605634,"2013"
"Estonia","2013",1,"2013"
"EU Institutions","2000",1.80036115556527,"2013"
"EU Institutions","2001",1.8064454276678,"2013"
"EU Institutions","2002",1.67681718378658,"2013"
"EU Institutions","2003",1.36697205682236,"2013"
"EU Institutions","2004",1.21960878198148,"2013"
"EU Institutions","2005",1.19782922595921,"2013"
"EU Institutions","2006",1.16443356075184,"2013"
"EU Institutions","2007",1.04306201376954,"2013"
"EU Institutions","2008",0.971609909174986,"2013"
"EU Institutions","2009",0.995105534403759,"2013"
"EU Institutions","2010",1.03883801906705,"2013"
"EU Institutions","2011",0.979687090845052,"2013"
"EU Institutions","2012",1.04617703408555,"2013"
"EU Institutions","2013",1,"2013"
"Finland","2000",1.80170029012887,"2013"
"Finland","2001",1.79369089345943,"2013"
"Finland","2002",1.68943238417442,"2013"
"Finland","2003",1.40581330886429,"2013"
"Finland","2004",1.27027209557113,"2013"
"Finland","2005",1.25848067239617,"2013"
"Finland","2006",1.23545215466408,"2013"
"Finland","2007",1.10170728882937,"2013"
"Finland","2008",1.01459847720551,"2013"
"Finland","2009",1.03087886893389,"2013"
"Finland","2010",1.08068107023267,"2013"
"Finland","2011",1.00313939710689,"2013"
"Finland","2012",1.05745484194203,"2013"
"Finland","2013",1,"2013"
"France","2000",1.770728358848,"2013"
"France","2001",1.78596839013536,"2013"
"France","2002",1.66213366521248,"2013"
"France","2003",1.36150740641487,"2013"
"France","2004",1.2175906850291,"2013"
"France","2005",1.1946699739562,"2013"
"France","2006",1.15779518110125,"2013"
"France","2007",1.0351861314736,"2013"
"France","2008",0.959598036486973,"2013"
"France","2009",0.992923753541022,"2013"
"France","2010",1.03246323137617,"2013"
"France","2011",0.97473722647454,"2013"
"France","2012",1.04100358979308,"2013"
"France","2013",1,"2013"
"G7 Countries, Total","2000",1.29363809420623,"2013"
"G7 Countries, Total","2001",1.36825777267435,"2013"
"G7 Countries, Total","2002",1.37421538503369,"2013"
"G7 Countries, Total","2003",1.24885602625342,"2013"
"G7 Countries, Total","2004",1.16676948589837,"2013"
"G7 Countries, Total","2005",1.14103968222678,"2013"
"G7 Countries, Total","2006",1.12036144979375,"2013"
"G7 Countries, Total","2007",1.06483317369267,"2013"
"G7 Countries, Total","2008",1.02492926890788,"2013"
"G7 Countries, Total","2009",1.04257430772834,"2013"
"G7 Countries, Total","2010",1.03169736307122,"2013"
"G7 Countries, Total","2011",0.989341134954853,"2013"
"G7 Countries, Total","2012",0.999296056346866,"2013"
"G7 Countries, Total","2013",1,"2013"
"GAVI","2007",1.07533007982446,"2013"
"GAVI","2008",1.02239258770239,"2013"
"GAVI","2009",1.05536010126394,"2013"
"GAVI","2010",1.04422899353647,"2013"
"GAVI","2011",0.983096975599344,"2013"
"GAVI","2012",1.00527088486001,"2013"
"GAVI","2013",1,"2013"
"GEF","2001",1.56973513028761,"2013"
"GEF","2002",1.51496178783895,"2013"
"GEF","2003",1.33095639992192,"2013"
"GEF","2004",1.21896107829774,"2013"
"GEF","2005",1.18289855509789,"2013"
"GEF","2006",1.15699950066846,"2013"
"GEF","2007",1.07536176398452,"2013"
"GEF","2008",1.02235797050828,"2013"
"GEF","2009",1.05535518146622,"2013"
"GEF","2010",1.04413589526334,"2013"
"GEF","2011",0.983241552386503,"2013"
"GEF","2012",1.00524478269745,"2013"
"GEF","2013",1,"2013"
"Germany","2000",1.6831981530936,"2013"
"Germany","2001",1.70919158755157,"2013"
"Germany","2002",1.60305929504617,"2013"
"Germany","2003",1.32136858680846,"2013"
"Germany","2004",1.18889412617839,"2013"
"Germany","2005",1.1809181633013,"2013"
"Germany","2006",1.16563438322001,"2013"
"Germany","2007",1.05110547028314,"2013"
"Germany","2008",0.989390319050892,"2013"
"Germany","2009",1.00619988855681,"2013"
"Germany","2010",1.05051154163262,"2013"
"Germany","2011",0.98980253840633,"2013"
"Germany","2012",1.05404519935854,"2013"
"Germany","2013",1,"2013"
"Global Fund","2003",1.33081744914929,"2013"
"Global Fund","2004",1.21906346606129,"2013"
"Global Fund","2005",1.18297394395682,"2013"
"Global Fund","2006",1.15706143767634,"2013"
"Global Fund","2007",1.07533878620758,"2013"
"Global Fund","2008",1.02242827909402,"2013"
"Global Fund","2009",1.05541552974744,"2013"
"Global Fund","2010",1.0442175928142,"2013"
"Global Fund","2011",0.983107326866791,"2013"
"Global Fund","2012",1.00528946352022,"2013"
"Global Fund","2013",1,"2013"
"Global Green Growth Institute (GGGI)","2013",1,"2013"
"Greece","2000",1.87794065301103,"2013"
"Greece","2001",1.8915875382563,"2013"
"Greece","2002",1.73853772037109,"2013"
"Greece","2003",1.40436342719404,"2013"
"Greece","2004",1.23812590250946,"2013"
"Greece","2005",1.21364824376873,"2013"
"Greece","2006",1.16209489063539,"2013"
"Greece","2007",1.03003147517103,"2013"
"Greece","2008",0.937791728664316,"2013"
"Greece","2009",0.946011968893677,"2013"
"Greece","2010",0.985493851335474,"2013"
"Greece","2011",0.933637800047618,"2013"
"Greece","2012",1.00870850100604,"2013"
"Greece","2013",1,"2013"
"Hungary","2003",1.4242503945292,"2013"
"Hungary","2004",1.22692414302873,"2013"
"Hungary","2005",1.17986175443597,"2013"
"Hungary","2006",1.20217004048583,"2013"
"Hungary","2007",0.995415019762846,"2013"
"Hungary","2008",0.908255123539552,"2013"
"Hungary","2009",1.0006202191441,"2013"
"Hungary","2010",1.0098930173703,"2013"
"Hungary","2011",0.957733990147783,"2013"
"Hungary","2012",1.03174114021572,"2013"
"Hungary","2013",1,"2013"
"IAEA","2006",1.15675018058777,"2013"
"IAEA","2007",1.07530108892224,"2013"
"IAEA","2008",1.02215271389144,"2013"
"IAEA","2009",1.05439175257732,"2013"
"IAEA","2010",1.04415476532797,"2013"
"IAEA","2011",0.983654267830802,"2013"
"IAEA","2012",1.00265219012888,"2013"
"IAEA","2013",1,"2013"
"Iceland","2000",1.22929500342231,"2013"
"Iceland","2001",1.39989888776542,"2013"
"Iceland","2002",1.24345969033636,"2013"
"Iceland","2003",1.03573200992556,"2013"
"Iceland","2004",0.924859110832811,"2013"
"Iceland","2005",0.800400739827374,"2013"
"Iceland","2006",0.817006950477845,"2013"
"Iceland","2007",0.71866156151157,"2013"
"Iceland","2008",0.915521099744246,"2013"
"Iceland","2009",1.14870180959874,"2013"
"Iceland","2010",1.08141617302659,"2013"
"Iceland","2011",1,"2013"
"Iceland","2012",1.04352856109906,"2013"
"Iceland","2013",1,"2013"
"IDA","2000",1.49413534145338,"2013"
"IDA","2001",1.56962290804963,"2013"
"IDA","2002",1.51486269252118,"2013"
"IDA","2003",1.33080944646492,"2013"
"IDA","2004",1.21898712599885,"2013"
"IDA","2005",1.18299380539654,"2013"
"IDA","2006",1.15702721189876,"2013"
"IDA","2007",1.07534343806617,"2013"
"IDA","2008",1.02244372927594,"2013"
"IDA","2009",1.05541679032115,"2013"
"IDA","2010",1.0442203815903,"2013"
"IDA","2011",0.983098626999409,"2013"
"IDA","2012",1.005282532265,"2013"
"IDA","2013",1,"2013"
"IDB Sp.Fund","2000",1.49414535226009,"2013"
"IDB Sp.Fund","2001",1.5694963193966,"2013"
"IDB Sp.Fund","2002",1.5148598243292,"2013"
"IDB Sp.Fund","2003",1.33086724208796,"2013"
"IDB Sp.Fund","2004",1.21910306001302,"2013"
"IDB Sp.Fund","2005",1.1830133194949,"2013"
"IDB Sp.Fund","2006",1.15703244318971,"2013"
"IDB Sp.Fund","2007",1.07534673523453,"2013"
"IDB Sp.Fund","2008",1.02250201775626,"2013"
"IDB Sp.Fund","2009",1.05542536664999,"2013"
"IDB Sp.Fund","2010",1.04420182505106,"2013"
"IDB Sp.Fund","2011",0.983101213971848,"2013"
"IDB Sp.Fund","2012",1.00528006754681,"2013"
"IDB Sp.Fund","2013",1,"2013"
"IFAD","2000",1.49411909708772,"2013"
"IFAD","2001",1.56978521803624,"2013"
"IFAD","2002",1.51479864970846,"2013"
"IFAD","2003",1.33068243055669,"2013"
"IFAD","2004",1.21885013556815,"2013"
"IFAD","2005",1.18296730546689,"2013"
"IFAD","2006",1.15695092284688,"2013"
"IFAD","2007",1.0752359431078,"2013"
"IFAD","2008",1.02266701628646,"2013"
"IFAD","2009",1.05554394800796,"2013"
"IFAD","2010",1.04416689614739,"2013"
"IFAD","2011",0.983049512747318,"2013"
"IFAD","2012",1.00528070994337,"2013"
"IFAD","2013",1,"2013"
"IMF (Concessional Trust Funds)","2000",1.49385218213755,"2013"
"IMF (Concessional Trust Funds)","2001",1.56959489841802,"2013"
"IMF (Concessional Trust Funds)","2002",1.51489484682762,"2013"
"IMF (Concessional Trust Funds)","2003",1.33086195756456,"2013"
"IMF (Concessional Trust Funds)","2004",1.21909204436935,"2013"
"IMF (Concessional Trust Funds)","2005",1.18300123165643,"2013"
"IMF (Concessional Trust Funds)","2006",1.15706451741399,"2013"
"IMF (Concessional Trust Funds)","2007",1.07539452605747,"2013"
"IMF (Concessional Trust Funds)","2008",1.0224348399868,"2013"
"IMF (Concessional Trust Funds)","2009",1.05540466245989,"2013"
"IMF (Concessional Trust Funds)","2010",1.0442155084929,"2013"
"IMF (Concessional Trust Funds)","2011",0.983107466752817,"2013"
"IMF (Concessional Trust Funds)","2012",1.00528705604279,"2013"
"IMF (Concessional Trust Funds)","2013",1,"2013"
"IMF (Concessional Trust Funds)","2014",0.994045961464508,"2013"
"Ireland","2000",1.7834456901835,"2013"
"Ireland","2001",1.7191996933239,"2013"
"Ireland","2002",1.54983255122711,"2013"
"Ireland","2003",1.24266348991303,"2013"
"Ireland","2004",1.10139235747469,"2013"
"Ireland","2005",1.06923268027478,"2013"
"Ireland","2006",1.02824623624783,"2013"
"Ireland","2007",0.924156846177022,"2013"
"Ireland","2008",0.898258489415871,"2013"
"Ireland","2009",0.968776832100788,"2013"
"Ireland","2010",1.03507384089686,"2013"
"Ireland","2011",0.977100258493353,"2013"
"Ireland","2012",1.04323229792919,"2013"
"Ireland","2013",1,"2013"
"Isl.Dev Bank","2000",1.49662618083671,"2013"
"Isl.Dev Bank","2001",1.56987359550562,"2013"
"Isl.Dev Bank","2002",1.51470167064439,"2013"
"Isl.Dev Bank","2003",1.33024812918472,"2013"
"Isl.Dev Bank","2004",1.21905709665381,"2013"
"Isl.Dev Bank","2005",1.18325894067261,"2013"
"Isl.Dev Bank","2006",1.15709838888065,"2013"
"Isl.Dev Bank","2007",1.07541592920354,"2013"
"Isl.Dev Bank","2008",1.02228944166554,"2013"
"Isl.Dev Bank","2009",1.05543335549985,"2013"
"Isl.Dev Bank","2010",1.04417511570531,"2013"
"Isl.Dev Bank","2011",0.982992016660882,"2013"
"Isl.Dev Bank","2012",1.00523059900417,"2013"
"Isl.Dev Bank","2013",1,"2013"
"Isl.Dev Bank","2014",0.994053589339447,"2013"
"Israel","2000",1.44064007719524,"2013"
"Israel","2001",1.46268257926612,"2013"
"Israel","2002",1.578294950477,"2013"
"Israel","2003",1.52201334437247,"2013"
"Israel","2004",1.49550943523159,"2013"
"Israel","2005",1.48177074787517,"2013"
"Israel","2006",1.45355625410204,"2013"
"Israel","2007",1.32998745294856,"2013"
"Israel","2008",1.13746134105416,"2013"
"Israel","2009",1.19781782518083,"2013"
"Israel","2010",1.12203936622019,"2013"
"Israel","2011",1.05547378940674,"2013"
"Israel","2012",1.09090543986827,"2013"
"Israel","2013",1,"2013"
"Italy","2000",1.89079324385462,"2013"
"Italy","2001",1.89121426771565,"2013"
"Italy","2002",1.73773290281601,"2013"
"Italy","2003",1.40474155359583,"2013"
"Italy","2004",1.24615131984072,"2013"
"Italy","2005",1.22251750660085,"2013"
"Italy","2006",1.18838726916921,"2013"
"Italy","2007",1.06337979610983,"2013"
"Italy","2008",0.984504478408788,"2013"
"Italy","2009",1.00017343318881,"2013"
"Italy","2010",1.04850165878066,"2013"
"Italy","2011",0.984016945537669,"2013"
"Italy","2012",1.04781291317761,"2013"
"Italy","2013",1,"2013"
"Japan","2000",0.935935807906027,"2013"
"Japan","2001",1.06780663512633,"2013"
"Japan","2002",1.11824169447502,"2013"
"Japan","2003",1.05230720124467,"2013"
"Japan","2004",0.995064296897002,"2013"
"Japan","2005",1.02663415599723,"2013"
"Japan","2006",1.09745809565682,"2013"
"Japan","2007",1.12084725446433,"2013"
"Japan","2008",0.998033912038416,"2013"
"Japan","2009",0.90533727630603,"2013"
"Japan","2010",0.869648399252292,"2013"
"Japan","2011",0.804373533290221,"2013"
"Japan","2012",0.812476956942918,"2013"
"Japan","2013",1,"2013"
"Korea","2000",1.37964269390513,"2013"
"Korea","2001",1.52067535361664,"2013"
"Korea","2002",1.42846420029515,"2013"
"Korea","2003",1.31557468279291,"2013"
"Korea","2004",1.22903258759832,"2013"
"Korea","2005",1.08824870696847,"2013"
"Korea","2006",1.01231262224211,"2013"
"Korea","2007",0.965843639287965,"2013"
"Korea","2008",1.12028974571795,"2013"
"Korea","2009",1.24170265675114,"2013"
"Korea","2010",1.09137992112729,"2013"
"Korea","2011",1.02950748243698,"2013"
"Korea","2012",1.03655715051955,"2013"
"Korea","2013",1,"2013"
"Kuwait (KFAED)","2000",1.49409031905445,"2013"
"Kuwait (KFAED)","2001",1.56969368811881,"2013"
"Kuwait (KFAED)","2002",1.51418376449599,"2013"
"Kuwait (KFAED)","2003",1.33082504703037,"2013"
"Kuwait (KFAED)","2004",1.21951650348239,"2013"
"Kuwait (KFAED)","2005",1.1827711575736,"2013"
"Kuwait (KFAED)","2006",1.15724183437809,"2013"
"Kuwait (KFAED)","2007",1.07528475063585,"2013"
"Kuwait (KFAED)","2008",1.02255592742646,"2013"
"Kuwait (KFAED)","2009",1.05544124756861,"2013"
"Kuwait (KFAED)","2010",1.0444248929556,"2013"
"Kuwait (KFAED)","2011",0.982979802247951,"2013"
"Kuwait (KFAED)","2012",1.00537792118901,"2013"
"Kuwait (KFAED)","2013",1,"2013"
"Latvia","2002",1.85,"2013"
"Latvia","2003",1.375,"2013"
"Latvia","2004",1.23809523809524,"2013"
"Latvia","2005",1.18042813455658,"2013"
"Latvia","2006",1.14195583596215,"2013"
"Latvia","2007",1.068669527897,"2013"
"Latvia","2008",1.0211320754717,"2013"
"Latvia","2009",1.04953560371517,"2013"
"Latvia","2010",1.04415011037528,"2013"
"Latvia","2011",0.994550408719346,"2013"
"Latvia","2012",1,"2013"
"Latvia","2013",1,"2013"
"Liechtenstein","2007",1.0755848830234,"2013"
"Liechtenstein","2008",1.02253116011505,"2013"
"Liechtenstein","2009",1.05545023696682,"2013"
"Liechtenstein","2010",1.04403669724771,"2013"
"Liechtenstein","2011",0.982952344052693,"2013"
"Liechtenstein","2012",1.00543933054393,"2013"
"Liechtenstein","2013",1,"2013"
"Liechtenstein","2014",0.993957703927492,"2013"
"Lithuania","2001",1.57894736842105,"2013"
"Lithuania","2002",1.55555555555556,"2013"
"Lithuania","2003",1.29878048780488,"2013"
"Lithuania","2004",1.22456140350877,"2013"
"Lithuania","2005",1.175983436853,"2013"
"Lithuania","2006",1.15821917808219,"2013"
"Lithuania","2007",1.07375222816399,"2013"
"Lithuania","2008",1.02075930428278,"2013"
"Lithuania","2009",1.05304585900068,"2013"
"Lithuania","2010",1.04275032509753,"2013"
"Lithuania","2011",0.984250890167078,"2013"
"Lithuania","2012",1.0049850448654,"2013"
"Lithuania","2013",1,"2013"
"Luxembourg","2000",2.07451202721309,"2013"
"Luxembourg","2001",2.14632347129647,"2013"
"Luxembourg","2002",1.99815803586001,"2013"
"Luxembourg","2003",1.62035196762187,"2013"
"Luxembourg","2004",1.44590137941969,"2013"
"Luxembourg","2005",1.39342646803084,"2013"
"Luxembourg","2006",1.29305367972246,"2013"
"Luxembourg","2007",1.16896154829909,"2013"
"Luxembourg","2008",1.06688414469366,"2013"
"Luxembourg","2009",1.08879570067584,"2013"
"Luxembourg","2010",1.10296992441903,"2013"
"Luxembourg","2011",1.00080254406469,"2013"
"Luxembourg","2012",1.046526703191,"2013"
"Luxembourg","2013",1,"2013"
"Malta","2009",1.05555555555556,"2013"
"Malta","2010",1.04404761904762,"2013"
"Malta","2011",0.983458646616541,"2013"
"Malta","2012",1.00490596892886,"2013"
"Malta","2013",1,"2013"
"Memo: Private Donors, Total","2009",1.06700633941259,"2013"
"Memo: Private Donors, Total","2010",1.05434965355159,"2013"
"Memo: Private Donors, Total","2011",1.03290223382968,"2013"
"Memo: Private Donors, Total","2012",1.01426739316612,"2013"
"Memo: Private Donors, Total","2013",1,"2013"
"Montreal Protocol","2000",1.49391858534177,"2013"
"Montreal Protocol","2001",1.56963890935888,"2013"
"Montreal Protocol","2002",1.51491352661041,"2013"
"Montreal Protocol","2003",1.33098914539061,"2013"
"Montreal Protocol","2004",1.21891076059691,"2013"
"Montreal Protocol","2005",1.18295120884613,"2013"
"Montreal Protocol","2006",1.15706483167217,"2013"
"Montreal Protocol","2007",1.07521689528004,"2013"
"Montreal Protocol","2008",1.02238134887594,"2013"
"Montreal Protocol","2009",1.05485519591141,"2013"
"Montreal Protocol","2010",1.04487804878049,"2013"
"Montreal Protocol","2011",0.983830845771144,"2013"
"Montreal Protocol","2012",1.00411522633745,"2013"
"Montreal Protocol","2013",1,"2013"
"Montreal Protocol","2014",0.994195132842152,"2013"
"Multilateral, Total","2000",1.59269877598381,"2013"
"Multilateral, Total","2001",1.64537699847237,"2013"
"Multilateral, Total","2002",1.55880779152562,"2013"
"Multilateral, Total","2003",1.3431225968355,"2013"
"Multilateral, Total","2004",1.21920334706717,"2013"
"Multilateral, Total","2005",1.18841455175445,"2013"
"Multilateral, Total","2006",1.15973381542825,"2013"
"Multilateral, Total","2007",1.0632962997181,"2013"
"Multilateral, Total","2008",1.00319576811106,"2013"
"Multilateral, Total","2009",1.03533197073798,"2013"
"Multilateral, Total","2010",1.0416974259479,"2013"
"Multilateral, Total","2011",0.9804641709736,"2013"
"Multilateral, Total","2012",1.02184600823537,"2013"
"Multilateral, Total","2013",1,"2013"
"Netherlands","2000",1.81408663208557,"2013"
"Netherlands","2001",1.789839007885,"2013"
"Netherlands","2002",1.63902852394547,"2013"
"Netherlands","2003",1.33834127564207,"2013"
"Netherlands","2004",1.20369120114439,"2013"
"Netherlands","2005",1.18500139582395,"2013"
"Netherlands","2006",1.14850358636754,"2013"
"Netherlands","2007",1.03336096746311,"2013"
"Netherlands","2008",0.958830500336494,"2013"
"Netherlands","2009",0.989115196286464,"2013"
"Netherlands","2010",1.02743974351134,"2013"
"Netherlands","2011",0.977752977458213,"2013"
"Netherlands","2012",1.04413556885554,"2013"
"Netherlands","2013",1,"2013"
"New Zealand","2000",2.47972202423378,"2013"
"New Zealand","2001",2.56521120244831,"2013"
"New Zealand","2002",2.30665599573163,"2013"
"New Zealand","2003",1.81202937187222,"2013"
"New Zealand","2004",1.53090778642097,"2013"
"New Zealand","2005",1.40683707200283,"2013"
"New Zealand","2006",1.48814864256554,"2013"
"New Zealand","2007",1.25842754699916,"2013"
"New Zealand","2008",1.29000388331772,"2013"
"New Zealand","2009",1.41625976910046,"2013"
"New Zealand","2010",1.19495464920352,"2013"
"New Zealand","2011",1.05898219223109,"2013"
"New Zealand","2012",1.0390738577073,"2013"
"New Zealand","2013",1,"2013"
"Non-DAC Countries, Total","2000",1.49333026492128,"2013"
"Non-DAC Countries, Total","2001",1.57375231770826,"2013"
"Non-DAC Countries, Total","2002",1.52447507732072,"2013"
"Non-DAC Countries, Total","2003",1.34354170976886,"2013"
"Non-DAC Countries, Total","2004",1.25682049501351,"2013"
"Non-DAC Countries, Total","2005",1.2073507266426,"2013"
"Non-DAC Countries, Total","2006",1.17406159919689,"2013"
"Non-DAC Countries, Total","2007",1.07668680385509,"2013"
"Non-DAC Countries, Total","2008",1.01641571443501,"2013"
"Non-DAC Countries, Total","2009",1.05819083441183,"2013"
"Non-DAC Countries, Total","2010",1.03871644026332,"2013"
"Non-DAC Countries, Total","2011",0.991398181337625,"2013"
"Non-DAC Countries, Total","2012",1.0050281642928,"2013"
"Non-DAC Countries, Total","2013",1,"2013"
"Nordic Dev.Fund","2000",1.4944099378882,"2013"
"Nordic Dev.Fund","2001",1.56904483430799,"2013"
"Nordic Dev.Fund","2002",1.51421583613574,"2013"
"Nordic Dev.Fund","2003",1.33091464578957,"2013"
"Nordic Dev.Fund","2004",1.21907069555302,"2013"
"Nordic Dev.Fund","2005",1.18287257705752,"2013"
"Nordic Dev.Fund","2006",1.15717439293598,"2013"
"Nordic Dev.Fund","2007",1.07568366592757,"2013"
"Nordic Dev.Fund","2008",1.02261445118588,"2013"
"Nordic Dev.Fund","2009",1.05538123627236,"2013"
"Nordic Dev.Fund","2010",1.04422886350597,"2013"
"Nordic Dev.Fund","2011",0.982797916214456,"2013"
"Nordic Dev.Fund","2012",1.00539882898639,"2013"
"Nordic Dev.Fund","2013",1,"2013"
"Nordic Dev.Fund","2014",0.994575045207957,"2013"
"Norway","2000",2.50300092336103,"2013"
"Norway","2001",2.51502446058303,"2013"
"Norway","2002",2.27573765655121,"2013"
"Norway","2003",1.95845767020336,"2013"
"Norway","2004",1.76143648129301,"2013"
"Norway","2005",1.54442674657446,"2013"
"Norway","2006",1.41363787882608,"2013"
"Norway","2007",1.25414780739512,"2013"
"Norway","2008",1.10118724414157,"2013"
"Norway","2009",1.28004420577346,"2013"
"Norway","2010",1.16000792699469,"2013"
"Norway","2011",1.00782963663126,"2013"
"Norway","2012",1.01717192666368,"2013"
"Norway","2013",1,"2013"
"OFID","2000",1.49556509298999,"2013"
"OFID","2001",1.56962431767098,"2013"
"OFID","2002",1.51487054920315,"2013"
"OFID","2003",1.33080774513714,"2013"
"OFID","2004",1.21908561746782,"2013"
"OFID","2005",1.18235720684213,"2013"
"OFID","2006",1.15696989591983,"2013"
"OFID","2007",1.07527736804977,"2013"
"OFID","2008",1.02226250164447,"2013"
"OFID","2009",1.05551082344926,"2013"
"OFID","2010",1.04421591316536,"2013"
"OFID","2011",0.983316564529406,"2013"
"OFID","2012",1.0053628351772,"2013"
"OFID","2013",1,"2013"
"OSCE","2010",1.04414195207052,"2013"
"OSCE","2011",0.98324200913242,"2013"
"OSCE","2012",1.00525169719483,"2013"
"OSCE","2013",1,"2013"
"Poland","2000",1.94796003330558,"2013"
"Poland","2001",1.76863584005266,"2013"
"Poland","2002",1.72095704814067,"2013"
"Poland","2003",1.63223983676032,"2013"
"Poland","2004",1.46220994475138,"2013"
"Poland","2005",1.2666171095831,"2013"
"Poland","2006",1.1922043863545,"2013"
"Poland","2007",1.02233079860992,"2013"
"Poland","2008",0.872591333899745,"2013"
"Poland","2009",1.06683284457478,"2013"
"Poland","2010",1.01716618982806,"2013"
"Poland","2011",0.970308708546778,"2013"
"Poland","2012",1.04090713725887,"2013"
"Poland","2013",1,"2013"
"Portugal","2000",1.90395300841403,"2013"
"Portugal","2001",1.8906330381102,"2013"
"Portugal","2002",1.72359015091342,"2013"
"Portugal","2003",1.38902718168813,"2013"
"Portugal","2004",1.23460978455001,"2013"
"Portugal","2005",1.19340309484439,"2013"
"Portugal","2006",1.14542981638667,"2013"
"Portugal","2007",1.0196793150104,"2013"
"Portugal","2008",0.95237285252594,"2013"
"Portugal","2009",0.975612344321284,"2013"
"Portugal","2010",1.0183001841988,"2013"
"Portugal","2011",0.973144785335315,"2013"
"Portugal","2012",1.05681148276304,"2013"
"Portugal","2013",1,"2013"
"Romania","2008",1.02135699030721,"2013"
"Romania","2009",1.05544606490606,"2013"
"Romania","2010",1.04191761021441,"2013"
"Romania","2011",0.986156888595913,"2013"
"Romania","2012",1.00337362946303,"2013"
"Romania","2013",1,"2013"
"Russia","2010",1.25630502416098,"2013"
"Russia","2011",1.14995988512029,"2013"
"Russia","2012",1.03103590281158,"2013"
"Russia","2013",1,"2013"
"Saudi Arabia","2000",1.49420878041549,"2013"
"Saudi Arabia","2001",1.56976164837108,"2013"
"Saudi Arabia","2002",1.51486424343879,"2013"
"Saudi Arabia","2003",1.33081357337287,"2013"
"Saudi Arabia","2004",1.21898859194162,"2013"
"Saudi Arabia","2005",1.18299134921398,"2013"
"Saudi Arabia","2006",1.15703088372216,"2013"
"Saudi Arabia","2007",1.07533673976172,"2013"
"Saudi Arabia","2008",1.02244714307663,"2013"
"Saudi Arabia","2009",1.05541908688603,"2013"
"Saudi Arabia","2010",1.04421956484365,"2013"
"Saudi Arabia","2011",0.983100108862674,"2013"
"Saudi Arabia","2012",1.00528469042996,"2013"
"Saudi Arabia","2013",1,"2013"
"Slovak Republic","2000",2.7953216374269,"2013"
"Slovak Republic","2001",2.7787610619469,"2013"
"Slovak Republic","2002",2.54194260485651,"2013"
"Slovak Republic","2003",1.94019607843137,"2013"
"Slovak Republic","2004",1.60370168753402,"2013"
"Slovak Republic","2005",1.50494884804125,"2013"
"Slovak Republic","2006",1.39748068169789,"2013"
"Slovak Republic","2007",1.14923210663576,"2013"
"Slovak Republic","2008",0.982182320441989,"2013"
"Slovak Republic","2009",0.993355481727575,"2013"
"Slovak Republic","2010",1.03617315675035,"2013"
"Slovak Republic","2011",0.973712446351931,"2013"
"Slovak Republic","2012",1.03608344296185,"2013"
"Slovak Republic","2013",1,"2013"
"Slovenia","2005",1.25017568517217,"2013"
"Slovenia","2006",1.2124145785877,"2013"
"Slovenia","2007",1.06676003734827,"2013"
"Slovenia","2008",0.969756097560976,"2013"
"Slovenia","2009",0.97258133257565,"2013"
"Slovenia","2010",1.02950235046199,"2013"
"Slovenia","2011",0.972121443574566,"2013"
"Slovenia","2012",1.04670590468958,"2013"
"Slovenia","2013",1,"2013"
"Spain","2000",1.95314955893368,"2013"
"Spain","2001",1.9320753121962,"2013"
"Spain","2002",1.76323444668543,"2013"
"Spain","2003",1.41629238606315,"2013"
"Spain","2004",1.23914237397963,"2013"
"Spain","2005",1.18822718999935,"2013"
"Spain","2006",1.13174230763085,"2013"
"Spain","2007",1.00465876634101,"2013"
"Spain","2008",0.933414099826662,"2013"
"Spain","2009",0.96488606320584,"2013"
"Spain","2010",1.01240524884669,"2013"
"Spain","2011",0.963459092188214,"2013"
"Spain","2012",1.04015282583622,"2013"
"Spain","2013",1,"2013"
"Sweden","2000",1.74281997906255,"2013"
"Sweden","2001",1.92163135972197,"2013"
"Sweden","2002",1.77682994486476,"2013"
"Sweden","2003",1.45228413598657,"2013"
"Sweden","2004",1.31300605540228,"2013"
"Sweden","2005",1.32480530753463,"2013"
"Sweden","2006",1.28496792511907,"2013"
"Sweden","2007",1.14514397077157,"2013"
"Sweden","2008",1.0945033065491,"2013"
"Sweden","2009",1.22191566326042,"2013"
"Sweden","2010",1.14116502009842,"2013"
"Sweden","2011",1.01662565329683,"2013"
"Sweden","2012",1.04974836735626,"2013"
"Sweden","2013",1,"2013"
"Switzerland","2000",1.9995384316393,"2013"
"Switzerland","2001",1.97862719739426,"2013"
"Switzerland","2002",1.83185379213707,"2013"
"Switzerland","2003",1.56733822454691,"2013"
"Switzerland","2004",1.44191561266054,"2013"
"Switzerland","2005",1.43633386757444,"2013"
"Switzerland","2006",1.41743357307776,"2013"
"Switzerland","2007",1.32775220072968,"2013"
"Switzerland","2008",1.19040119186975,"2013"
"Switzerland","2009",1.17186991689587,"2013"
"Switzerland","2010",1.12391377295396,"2013"
"Switzerland","2011",0.954413556840601,"2013"
"Switzerland","2012",1.00948347034253,"2013"
"Switzerland","2013",1,"2013"
"Thailand","2006",1.15618355433564,"2013"
"Thailand","2007",1.07486157253599,"2013"
"Thailand","2008",1.02207778498288,"2013"
"Thailand","2009",1.05306690089299,"2013"
"Thailand","2010",1.05200433369447,"2013"
"Thailand","2011",0.986070381231671,"2013"
"Thailand","2012",1,"2013"
"Thailand","2013",1,"2013"
"Turkey","2000",1.81963040832135,"2013"
"Turkey","2001",2.33941717791411,"2013"
"Turkey","2002",2.09849640444541,"2013"
"Turkey","2003",1.69041501976285,"2013"
"Turkey","2004",1.43265898521963,"2013"
"Turkey","2005",1.2536299650539,"2013"
"Turkey","2006",1.2235457174996,"2013"
"Turkey","2007",1.04709017155332,"2013"
"Turkey","2008",0.941366579233348,"2013"
"Turkey","2009",1.05602508445648,"2013"
"Turkey","2010",0.969177481337265,"2013"
"Turkey","2011",0.995417649413878,"2013"
"Turkey","2012",0.997846827589802,"2013"
"Turkey","2013",1,"2013"
"UNAIDS","2005",1.18151729508729,"2013"
"UNAIDS","2006",1.15650065286327,"2013"
"UNAIDS","2007",1.07523624689387,"2013"
"UNAIDS","2008",1.02204264511741,"2013"
"UNAIDS","2009",1.05500917370535,"2013"
"UNAIDS","2010",1.04415278264471,"2013"
"UNAIDS","2011",0.983394258834198,"2013"
"UNAIDS","2012",1.00528991589984,"2013"
"UNAIDS","2013",1,"2013"
"UNDP","2000",1.49412318459954,"2013"
"UNDP","2001",1.56957937535982,"2013"
"UNDP","2002",1.51519985331867,"2013"
"UNDP","2003",1.33095740337507,"2013"
"UNDP","2004",1.21897701297556,"2013"
"UNDP","2005",1.18311840110977,"2013"
"UNDP","2006",1.1569808150119,"2013"
"UNDP","2007",1.07533978997452,"2013"
"UNDP","2008",1.02246262604624,"2013"
"UNDP","2009",1.05538831504337,"2013"
"UNDP","2010",1.04427560792521,"2013"
"UNDP","2011",0.982941156762673,"2013"
"UNDP","2012",1.00527640322353,"2013"
"UNDP","2013",1,"2013"
"UNECE","2008",1.02217431475208,"2013"
"UNECE","2009",1.05526859504132,"2013"
"UNECE","2010",1.04372041214146,"2013"
"UNECE","2011",0.983226837060703,"2013"
"UNECE","2012",1.00593471810089,"2013"
"UNECE","2013",1,"2013"
"UNECE","2014",0.994295222248633,"2013"
"UNFPA","2000",1.49418824137177,"2013"
"UNFPA","2001",1.56962870005179,"2013"
"UNFPA","2002",1.51511921965318,"2013"
"UNFPA","2003",1.33082577352989,"2013"
"UNFPA","2004",1.21901268730747,"2013"
"UNFPA","2005",1.1830740684256,"2013"
"UNFPA","2006",1.15689655172414,"2013"
"UNFPA","2007",1.07535890742985,"2013"
"UNFPA","2008",1.02240277086903,"2013"
"UNFPA","2009",1.05545465267131,"2013"
"UNFPA","2010",1.04416146944359,"2013"
"UNFPA","2011",0.983104391024572,"2013"
"UNFPA","2012",1.00536348539146,"2013"
"UNFPA","2013",1,"2013"
"UNHCR","2000",1.49406381980291,"2013"
"UNHCR","2001",1.56971716807782,"2013"
"UNHCR","2002",1.51485817403606,"2013"
"UNHCR","2003",1.33084292537993,"2013"
"UNHCR","2004",1.21906569936945,"2013"
"UNHCR","2005",1.18277771198484,"2013"
"UNHCR","2006",1.15717617045024,"2013"
"UNHCR","2007",1.07522062688467,"2013"
"UNHCR","2008",1.02238815045421,"2013"
"UNHCR","2009",1.05522972758769,"2013"
"UNHCR","2010",1.0440952951701,"2013"
"UNHCR","2011",0.983072160959567,"2013"
"UNHCR","2012",1.00530046084351,"2013"
"UNHCR","2013",1,"2013"
"UNICEF","2000",1.49408095271851,"2013"
"UNICEF","2001",1.56960642351945,"2013"
"UNICEF","2002",1.51483209267547,"2013"
"UNICEF","2003",1.33083285537477,"2013"
"UNICEF","2004",1.21895587746564,"2013"
"UNICEF","2005",1.18296886550793,"2013"
"UNICEF","2006",1.15706416854294,"2013"
"UNICEF","2007",1.07529226518516,"2013"
"UNICEF","2008",1.02248260904065,"2013"
"UNICEF","2009",1.05540117427598,"2013"
"UNICEF","2010",1.04423043018336,"2013"
"UNICEF","2011",0.983109449894179,"2013"
"UNICEF","2012",1.00527985484625,"2013"
"UNICEF","2013",1,"2013"
"United Arab Emirates","2000",1.49407996772038,"2013"
"United Arab Emirates","2001",1.56954355520978,"2013"
"United Arab Emirates","2002",1.51492544021285,"2013"
"United Arab Emirates","2003",1.33081049206225,"2013"
"United Arab Emirates","2004",1.21901894627563,"2013"
"United Arab Emirates","2005",1.18303693431987,"2013"
"United Arab Emirates","2006",1.15698841749344,"2013"
"United Arab Emirates","2007",1.07533941909412,"2013"
"United Arab Emirates","2008",1.02244997170841,"2013"
"United Arab Emirates","2009",1.05541317706296,"2013"
"United Arab Emirates","2010",1.04418473453639,"2013"
"United Arab Emirates","2011",0.98306865228944,"2013"
"United Arab Emirates","2012",1.00529806141872,"2013"
"United Arab Emirates","2013",1,"2013"
"United Kingdom","2000",1.39971893913757,"2013"
"United Kingdom","2001",1.4539188934119,"2013"
"United Kingdom","2002",1.36045529636994,"2013"
"United Kingdom","2003",1.22375417934241,"2013"
"United Kingdom","2004",1.0590621514704,"2013"
"United Kingdom","2005",1.03891560675894,"2013"
"United Kingdom","2006",0.999411857786774,"2013"
"United Kingdom","2007",0.893622721254601,"2013"
"United Kingdom","2008",0.959740300023651,"2013"
"United Kingdom","2009",1.09058650146386,"2013"
"United Kingdom","2010",1.06921710341902,"2013"
"United Kingdom","2011",1.00845279789027,"2013"
"United Kingdom","2012",1.00319819422158,"2013"
"United Kingdom","2013",1,"2013"
"United States","2000",1.30281471367229,"2013"
"United States","2001",1.2732715211993,"2013"
"United States","2002",1.25529957279274,"2013"
"United States","2003",1.23067937304969,"2013"
"United States","2004",1.19752998872264,"2013"
"United States","2005",1.15978220723292,"2013"
"United States","2006",1.12552771703269,"2013"
"United States","2007",1.09661145495452,"2013"
"United States","2008",1.07560390462132,"2013"
"United States","2009",1.06700051732732,"2013"
"United States","2010",1.0543475651895,"2013"
"United States","2011",1.03291430022686,"2013"
"United States","2012",1.01426049364,"2013"
"United States","2013",1,"2013"
"UNPBF","2007",1.07434554973822,"2013"
"UNPBF","2008",1.02299880525687,"2013"
"UNPBF","2009",1.05511257035647,"2013"
"UNPBF","2010",1.04397330192383,"2013"
"UNPBF","2011",0.983185125303153,"2013"
"UNPBF","2012",1.00539329571855,"2013"
"UNPBF","2013",1,"2013"
"UNRWA","2000",1.49418179400226,"2013"
"UNRWA","2001",1.56963575145393,"2013"
"UNRWA","2002",1.51483936766956,"2013"
"UNRWA","2003",1.3308143049807,"2013"
"UNRWA","2004",1.21899371629752,"2013"
"UNRWA","2005",1.18299962868813,"2013"
"UNRWA","2006",1.15701568005164,"2013"
"UNRWA","2007",1.07535269282257,"2013"
"UNRWA","2008",1.02244341596399,"2013"
"UNRWA","2009",1.05538988642853,"2013"
"UNRWA","2010",1.04422261775878,"2013"
"UNRWA","2011",0.983106885547916,"2013"
"UNRWA","2012",1.0052934036623,"2013"
"UNRWA","2013",1,"2013"
"UNRWA","2014",0.994122166307037,"2013"
"UNTA","2000",1.49411045099714,"2013"
"UNTA","2001",1.56957016921074,"2013"
"UNTA","2002",1.51487671624536,"2013"
"UNTA","2003",1.33080252890585,"2013"
"UNTA","2004",1.21897725364575,"2013"
"UNTA","2005",1.18293069778047,"2013"
"UNTA","2006",1.15691873092052,"2013"
"UNTA","2007",1.07526796202036,"2013"
"UNTA","2008",1.02244210224421,"2013"
"WFP","2000",1.49408047187697,"2013"
"WFP","2001",1.5696022442641,"2013"
"WFP","2002",1.51493512588539,"2013"
"WFP","2003",1.3310113843638,"2013"
"WFP","2004",1.21909778605093,"2013"
"WFP","2005",1.18295284830382,"2013"
"WFP","2006",1.15709548326841,"2013"
"WFP","2007",1.07515923566879,"2013"
"WFP","2008",1.02242159715487,"2013"
"WFP","2009",1.05531016278047,"2013"
"WFP","2010",1.04431466130788,"2013"
"WFP","2011",0.983048791582012,"2013"
"WFP","2012",1.00527631015279,"2013"
"WFP","2013",1,"2013"
"WFP","2014",0.994076161216678,"2013"
"WHO","2009",1.05540102178262,"2013"
"WHO","2010",1.04420707855675,"2013"
"WHO","2011",0.983067080412213,"2013"
"WHO","2012",1.00526939331247,"2013"
"WHO","2013",1,"2013"
